-- MariaDB dump 10.19  Distrib 10.11.3-MariaDB, for Linux (x86_64)
--
-- Host: localhost    Database: v_farmacia
-- ------------------------------------------------------
-- Server version	10.11.3-MariaDB

/*!40101 SET @OLD_CHARACTER_SET_CLIENT=@@CHARACTER_SET_CLIENT */;
/*!40101 SET @OLD_CHARACTER_SET_RESULTS=@@CHARACTER_SET_RESULTS */;
/*!40101 SET @OLD_COLLATION_CONNECTION=@@COLLATION_CONNECTION */;
/*!40101 SET NAMES utf8mb4 */;
/*!40103 SET @OLD_TIME_ZONE=@@TIME_ZONE */;
/*!40103 SET TIME_ZONE='+00:00' */;
/*!40014 SET @OLD_UNIQUE_CHECKS=@@UNIQUE_CHECKS, UNIQUE_CHECKS=0 */;
/*!40014 SET @OLD_FOREIGN_KEY_CHECKS=@@FOREIGN_KEY_CHECKS, FOREIGN_KEY_CHECKS=0 */;
/*!40101 SET @OLD_SQL_MODE=@@SQL_MODE, SQL_MODE='NO_AUTO_VALUE_ON_ZERO' */;
/*!40111 SET @OLD_SQL_NOTES=@@SQL_NOTES, SQL_NOTES=0 */;

--
-- Table structure for table `cliente`
--

DROP TABLE IF EXISTS `cliente`;
/*!40101 SET @saved_cs_client     = @@character_set_client */;
/*!40101 SET character_set_client = utf8 */;
CREATE TABLE `cliente` (
  `idcliente` int(11) NOT NULL AUTO_INCREMENT,
  `nombre` varchar(100) NOT NULL,
  `telefono` varchar(15) NOT NULL,
  `direccion` varchar(200) NOT NULL,
  PRIMARY KEY (`idcliente`)
) ENGINE=InnoDB AUTO_INCREMENT=4 DEFAULT CHARSET=utf8mb3 COLLATE=utf8mb3_spanish_ci;
/*!40101 SET character_set_client = @saved_cs_client */;

--
-- Dumping data for table `cliente`
--

LOCK TABLES `cliente` WRITE;
/*!40000 ALTER TABLE `cliente` DISABLE KEYS */;
INSERT INTO `cliente` VALUES
(1,'Elan Tonio','5578965314','San Sebastian'),
(2,'Chris Cross','5578963496','Los Ángeles'),
(3,'José José','5689748721','Los Santos');
/*!40000 ALTER TABLE `cliente` ENABLE KEYS */;
UNLOCK TABLES;

--
-- Table structure for table `configuracion`
--

DROP TABLE IF EXISTS `configuracion`;
/*!40101 SET @saved_cs_client     = @@character_set_client */;
/*!40101 SET character_set_client = utf8 */;
CREATE TABLE `configuracion` (
  `id` int(11) NOT NULL AUTO_INCREMENT,
  `nombre` varchar(100) NOT NULL,
  `telefono` varchar(15) NOT NULL,
  `email` varchar(100) NOT NULL,
  `direccion` text NOT NULL,
  PRIMARY KEY (`id`)
) ENGINE=InnoDB AUTO_INCREMENT=2 DEFAULT CHARSET=utf8mb3 COLLATE=utf8mb3_spanish_ci;
/*!40101 SET character_set_client = @saved_cs_client */;

--
-- Dumping data for table `configuracion`
--

LOCK TABLES `configuracion` WRITE;
/*!40000 ALTER TABLE `configuracion` DISABLE KEYS */;
INSERT INTO `configuracion` VALUES
(1,'Farmacia FESC','5512325465','fesc.unam@gmail.com','Xhala,Cuautitlan Izcalli');
/*!40000 ALTER TABLE `configuracion` ENABLE KEYS */;
UNLOCK TABLES;

--
-- Table structure for table `detalle_permisos`
--

DROP TABLE IF EXISTS `detalle_permisos`;
/*!40101 SET @saved_cs_client     = @@character_set_client */;
/*!40101 SET character_set_client = utf8 */;
CREATE TABLE `detalle_permisos` (
  `id` int(11) NOT NULL AUTO_INCREMENT,
  `id_permiso` int(11) NOT NULL,
  `id_usuario` int(11) NOT NULL,
  PRIMARY KEY (`id`),
  KEY `id_permiso` (`id_permiso`),
  KEY `id_usuario` (`id_usuario`),
  CONSTRAINT `detalle_permisos_ibfk_1` FOREIGN KEY (`id_permiso`) REFERENCES `permisos` (`id`) ON DELETE CASCADE ON UPDATE CASCADE,
  CONSTRAINT `detalle_permisos_ibfk_2` FOREIGN KEY (`id_usuario`) REFERENCES `usuario` (`idusuario`) ON DELETE CASCADE ON UPDATE CASCADE
) ENGINE=InnoDB AUTO_INCREMENT=19 DEFAULT CHARSET=utf8mb4 COLLATE=utf8mb4_general_ci;
/*!40101 SET character_set_client = @saved_cs_client */;

--
-- Dumping data for table `detalle_permisos`
--

LOCK TABLES `detalle_permisos` WRITE;
/*!40000 ALTER TABLE `detalle_permisos` DISABLE KEYS */;
INSERT INTO `detalle_permisos` VALUES
(1,1,123),
(2,2,123),
(3,3,123),
(4,4,123),
(5,5,123),
(6,6,123),
(7,7,123),
(8,8,123),
(9,9,123),
(10,1,124),
(11,2,124),
(12,3,124),
(13,4,124),
(14,5,124),
(15,6,124),
(16,7,124),
(17,8,124),
(18,9,124);
/*!40000 ALTER TABLE `detalle_permisos` ENABLE KEYS */;
UNLOCK TABLES;

--
-- Table structure for table `detalle_temp`
--

DROP TABLE IF EXISTS `detalle_temp`;
/*!40101 SET @saved_cs_client     = @@character_set_client */;
/*!40101 SET character_set_client = utf8 */;
CREATE TABLE `detalle_temp` (
  `id` int(11) NOT NULL AUTO_INCREMENT,
  `id_usuario` int(11) NOT NULL,
  `id_producto` int(11) NOT NULL,
  `cantidad` int(11) NOT NULL,
  `descuento` decimal(10,2) NOT NULL DEFAULT 0.00,
  `precio_venta` decimal(10,2) NOT NULL,
  `total` decimal(10,2) NOT NULL,
  PRIMARY KEY (`id`),
  KEY `id_usuario` (`id_usuario`),
  KEY `id_producto` (`id_producto`),
  CONSTRAINT `detalle_temp_ibfk_1` FOREIGN KEY (`id_producto`) REFERENCES `producto` (`codproducto`) ON DELETE CASCADE ON UPDATE CASCADE,
  CONSTRAINT `detalle_temp_ibfk_2` FOREIGN KEY (`id_usuario`) REFERENCES `usuario` (`idusuario`) ON DELETE CASCADE ON UPDATE CASCADE
) ENGINE=InnoDB AUTO_INCREMENT=5 DEFAULT CHARSET=utf8mb3 COLLATE=utf8mb3_spanish_ci;
/*!40101 SET character_set_client = @saved_cs_client */;

--
-- Dumping data for table `detalle_temp`
--

LOCK TABLES `detalle_temp` WRITE;
/*!40000 ALTER TABLE `detalle_temp` DISABLE KEYS */;
/*!40000 ALTER TABLE `detalle_temp` ENABLE KEYS */;
UNLOCK TABLES;

--
-- Table structure for table `detalle_venta`
--

DROP TABLE IF EXISTS `detalle_venta`;
/*!40101 SET @saved_cs_client     = @@character_set_client */;
/*!40101 SET character_set_client = utf8 */;
CREATE TABLE `detalle_venta` (
  `id` int(11) NOT NULL AUTO_INCREMENT,
  `id_producto` int(11) NOT NULL,
  `id_venta` int(11) NOT NULL,
  `cantidad` int(11) NOT NULL,
  `descuento` decimal(10,2) NOT NULL DEFAULT 0.00,
  `precio` decimal(10,2) NOT NULL,
  `total` decimal(10,2) NOT NULL DEFAULT 0.00,
  PRIMARY KEY (`id`),
  KEY `id_producto` (`id_producto`),
  KEY `id_venta` (`id_venta`),
  CONSTRAINT `detalle_venta_ibfk_1` FOREIGN KEY (`id_producto`) REFERENCES `producto` (`codproducto`) ON DELETE CASCADE ON UPDATE CASCADE,
  CONSTRAINT `detalle_venta_ibfk_2` FOREIGN KEY (`id_venta`) REFERENCES `ventas` (`id`) ON DELETE CASCADE ON UPDATE CASCADE
) ENGINE=InnoDB AUTO_INCREMENT=5 DEFAULT CHARSET=utf8mb4 COLLATE=utf8mb4_general_ci;
/*!40101 SET character_set_client = @saved_cs_client */;

--
-- Dumping data for table `detalle_venta`
--

LOCK TABLES `detalle_venta` WRITE;
/*!40000 ALTER TABLE `detalle_venta` DISABLE KEYS */;
INSERT INTO `detalle_venta` VALUES
(1,1,1,2,0.00,57.50,115.00),
(2,4,2,1,0.00,31.00,31.00),
(3,3,2,1,0.00,45.20,45.20),
(4,2,3,3,0.00,30.50,91.50);
/*!40000 ALTER TABLE `detalle_venta` ENABLE KEYS */;
UNLOCK TABLES;

--
-- Table structure for table `laboratorios`
--

DROP TABLE IF EXISTS `laboratorios`;
/*!40101 SET @saved_cs_client     = @@character_set_client */;
/*!40101 SET character_set_client = utf8 */;
CREATE TABLE `laboratorios` (
  `id` int(11) NOT NULL AUTO_INCREMENT,
  `laboratorio` varchar(100) NOT NULL,
  `direccion` varchar(50) NOT NULL,
  PRIMARY KEY (`id`)
) ENGINE=InnoDB AUTO_INCREMENT=4 DEFAULT CHARSET=utf8mb4 COLLATE=utf8mb4_general_ci;
/*!40101 SET character_set_client = @saved_cs_client */;

--
-- Dumping data for table `laboratorios`
--

LOCK TABLES `laboratorios` WRITE;
/*!40000 ALTER TABLE `laboratorios` DISABLE KEYS */;
INSERT INTO `laboratorios` VALUES
(1,'Laboa','Calle de La Boa no. 3, Cuautitlán, México'),
(2,'Lab Erinto','Carretera al Laberinto Km. 35. Tepotzotlán'),
(3,'Lab Arbara','Calle antigua a Santa Barbara, México');
/*!40000 ALTER TABLE `laboratorios` ENABLE KEYS */;
UNLOCK TABLES;

--
-- Table structure for table `permisos`
--

DROP TABLE IF EXISTS `permisos`;
/*!40101 SET @saved_cs_client     = @@character_set_client */;
/*!40101 SET character_set_client = utf8 */;
CREATE TABLE `permisos` (
  `id` int(11) NOT NULL AUTO_INCREMENT,
  `nombre` varchar(30) NOT NULL,
  PRIMARY KEY (`id`)
) ENGINE=InnoDB AUTO_INCREMENT=10 DEFAULT CHARSET=utf8mb4 COLLATE=utf8mb4_general_ci;
/*!40101 SET character_set_client = @saved_cs_client */;

--
-- Dumping data for table `permisos`
--

LOCK TABLES `permisos` WRITE;
/*!40000 ALTER TABLE `permisos` DISABLE KEYS */;
INSERT INTO `permisos` VALUES
(1,'configuración'),
(2,'usuarios'),
(3,'clientes'),
(4,'productos'),
(5,'ventas'),
(6,'nueva_venta'),
(7,'tipos'),
(8,'presentacion'),
(9,'laboratorios');
/*!40000 ALTER TABLE `permisos` ENABLE KEYS */;
UNLOCK TABLES;

--
-- Table structure for table `presentacion`
--

DROP TABLE IF EXISTS `presentacion`;
/*!40101 SET @saved_cs_client     = @@character_set_client */;
/*!40101 SET character_set_client = utf8 */;
CREATE TABLE `presentacion` (
  `id` int(11) NOT NULL AUTO_INCREMENT,
  `nombre` varchar(100) NOT NULL,
  `nombre_corto` varchar(10) NOT NULL,
  PRIMARY KEY (`id`)
) ENGINE=InnoDB AUTO_INCREMENT=7 DEFAULT CHARSET=utf8mb4 COLLATE=utf8mb4_general_ci;
/*!40101 SET character_set_client = @saved_cs_client */;

--
-- Dumping data for table `presentacion`
--

LOCK TABLES `presentacion` WRITE;
/*!40000 ALTER TABLE `presentacion` DISABLE KEYS */;
INSERT INTO `presentacion` VALUES
(1,'Comprimido','Sólido'),
(2,'Jarabe','Solución'),
(3,'Pomada','Suspensión'),
(4,'Loción','Suspensión'),
(5,'Gotas','Solución'),
(6,'Cápsula','Sólidos');
/*!40000 ALTER TABLE `presentacion` ENABLE KEYS */;
UNLOCK TABLES;

--
-- Table structure for table `producto`
--

DROP TABLE IF EXISTS `producto`;
/*!40101 SET @saved_cs_client     = @@character_set_client */;
/*!40101 SET character_set_client = utf8 */;
CREATE TABLE `producto` (
  `codproducto` int(11) NOT NULL AUTO_INCREMENT,
  `codigo` varchar(20) NOT NULL,
  `descripcion` varchar(200) NOT NULL,
  `precio` decimal(10,2) NOT NULL,
  `existencia` int(11) NOT NULL,
  `id_lab` int(11) NOT NULL,
  `id_presentacion` int(11) NOT NULL,
  `id_tipo` int(11) NOT NULL,
  `vencimiento` varchar(20) NOT NULL,
  PRIMARY KEY (`codproducto`)
) ENGINE=InnoDB AUTO_INCREMENT=5 DEFAULT CHARSET=utf8mb3 COLLATE=utf8mb3_spanish_ci;
/*!40101 SET character_set_client = @saved_cs_client */;

--
-- Dumping data for table `producto`
--

LOCK TABLES `producto` WRITE;
/*!40000 ALTER TABLE `producto` DISABLE KEYS */;
INSERT INTO `producto` VALUES
(1,'59898','Ibuprofeno',57.50,3,1,1,1,'2024-08-01'),
(2,'87965','Aspirina',30.50,53,2,1,1,'2025-10-31'),
(3,'32256','Paracetamol',45.20,45,1,1,1,'2025-12-26'),
(4,'98668','Ketotifen',31.00,14,3,5,3,'2024-11-22');
/*!40000 ALTER TABLE `producto` ENABLE KEYS */;
UNLOCK TABLES;

--
-- Table structure for table `tipos`
--

DROP TABLE IF EXISTS `tipos`;
/*!40101 SET @saved_cs_client     = @@character_set_client */;
/*!40101 SET character_set_client = utf8 */;
CREATE TABLE `tipos` (
  `id` int(11) NOT NULL AUTO_INCREMENT,
  `tipo` varchar(50) NOT NULL,
  PRIMARY KEY (`id`)
) ENGINE=InnoDB AUTO_INCREMENT=5 DEFAULT CHARSET=utf8mb4 COLLATE=utf8mb4_general_ci;
/*!40101 SET character_set_client = @saved_cs_client */;

--
-- Dumping data for table `tipos`
--

LOCK TABLES `tipos` WRITE;
/*!40000 ALTER TABLE `tipos` DISABLE KEYS */;
INSERT INTO `tipos` VALUES
(1,'Antiinflamatorios'),
(2,'Analgésicos'),
(3,'Antialérgicos'),
(4,'Antiácidos');
/*!40000 ALTER TABLE `tipos` ENABLE KEYS */;
UNLOCK TABLES;

--
-- Table structure for table `usuario`
--

DROP TABLE IF EXISTS `usuario`;
/*!40101 SET @saved_cs_client     = @@character_set_client */;
/*!40101 SET character_set_client = utf8 */;
CREATE TABLE `usuario` (
  `idusuario` int(11) NOT NULL AUTO_INCREMENT,
  `nombre` varchar(100) NOT NULL,
  `correo` varchar(100) NOT NULL,
  `usuario` varchar(20) NOT NULL,
  `clave` varchar(50) NOT NULL,
  PRIMARY KEY (`idusuario`)
) ENGINE=InnoDB AUTO_INCREMENT=125 DEFAULT CHARSET=utf8mb3 COLLATE=utf8mb3_spanish_ci;
/*!40101 SET character_set_client = @saved_cs_client */;

--
-- Dumping data for table `usuario`
--

LOCK TABLES `usuario` WRITE;
/*!40000 ALTER TABLE `usuario` DISABLE KEYS */;
INSERT INTO `usuario` VALUES
(123,'Marco','Marco@gmail.com','Marco','12345'),
(124,'Jimmy','jimmy@gmail.com','Jimmy','b4cc344d25a2efe540adbf2678e2304c');
/*!40000 ALTER TABLE `usuario` ENABLE KEYS */;
UNLOCK TABLES;

--
-- Table structure for table `ventas`
--

DROP TABLE IF EXISTS `ventas`;
/*!40101 SET @saved_cs_client     = @@character_set_client */;
/*!40101 SET character_set_client = utf8 */;
CREATE TABLE `ventas` (
  `id` int(11) NOT NULL AUTO_INCREMENT,
  `id_cliente` int(11) NOT NULL,
  `total` decimal(10,2) NOT NULL,
  `id_usuario` int(11) NOT NULL,
  `fecha` timestamp NOT NULL DEFAULT current_timestamp() ON UPDATE current_timestamp(),
  PRIMARY KEY (`id`),
  KEY `id_usuario` (`id_usuario`),
  KEY `id_cliente` (`id_cliente`),
  CONSTRAINT `ventas_ibfk_1` FOREIGN KEY (`id_cliente`) REFERENCES `cliente` (`idcliente`) ON DELETE CASCADE ON UPDATE CASCADE,
  CONSTRAINT `ventas_ibfk_2` FOREIGN KEY (`id_usuario`) REFERENCES `usuario` (`idusuario`) ON DELETE CASCADE ON UPDATE CASCADE
) ENGINE=InnoDB AUTO_INCREMENT=4 DEFAULT CHARSET=utf8mb4 COLLATE=utf8mb4_general_ci;
/*!40101 SET character_set_client = @saved_cs_client */;

--
-- Dumping data for table `ventas`
--

LOCK TABLES `ventas` WRITE;
/*!40000 ALTER TABLE `ventas` DISABLE KEYS */;
INSERT INTO `ventas` VALUES
(1,1,115.00,124,'2023-05-21 21:15:51'),
(2,2,76.20,124,'2023-05-21 21:26:57'),
(3,3,91.50,124,'2023-05-21 21:36:41');
/*!40000 ALTER TABLE `ventas` ENABLE KEYS */;
UNLOCK TABLES;
/*!40103 SET TIME_ZONE=@OLD_TIME_ZONE */;

/*!40101 SET SQL_MODE=@OLD_SQL_MODE */;
/*!40014 SET FOREIGN_KEY_CHECKS=@OLD_FOREIGN_KEY_CHECKS */;
/*!40014 SET UNIQUE_CHECKS=@OLD_UNIQUE_CHECKS */;
/*!40101 SET CHARACTER_SET_CLIENT=@OLD_CHARACTER_SET_CLIENT */;
/*!40101 SET CHARACTER_SET_RESULTS=@OLD_CHARACTER_SET_RESULTS */;
/*!40101 SET COLLATION_CONNECTION=@OLD_COLLATION_CONNECTION */;
/*!40111 SET SQL_NOTES=@OLD_SQL_NOTES */;

-- Dump completed on 2023-05-21 15:51:06
